dataset,family_shape,model,source,calibrated,bootstrap_mean,ci_lo,ci_hi
facts,negation_pair,Qwen2.5-1.5B,probe,False,0.2792373304984692,0.2620582129066283,0.2966974184187319
facts,negation_pair,Qwen2.5-1.5B,elicited,False,0.11976808734048416,0.10922423771794067,0.13005938056486452
facts,negation_pair,Qwen2.5-1.5B,probe,True,0.2525398061530299,0.23836723054199527,0.26670098235601625
facts,negation_pair,Qwen2.5-1.5B,elicited,True,0.1236319124009091,0.11199770808984935,0.13506640075185217
facts,conjunction,Qwen2.5-1.5B,probe,False,0.4258830646182235,0.4037572441498665,0.44594644800077843
facts,conjunction,Qwen2.5-1.5B,elicited,False,0.23708783931901448,0.21592197584724862,0.2580840409825707
facts,conjunction,Qwen2.5-1.5B,probe,True,0.3726354144654933,0.3504578568290204,0.39344753700371515
facts,conjunction,Qwen2.5-1.5B,elicited,True,0.2531736543704542,0.22948558621872245,0.2767309408118253
companies,negation_pair,Qwen2.5-1.5B,probe,False,0.31691578889281036,0.30058763528555926,0.3334637281560795
companies,negation_pair,Qwen2.5-1.5B,elicited,False,0.12017825031745592,0.11213566891092633,0.1283931985254661
companies,negation_pair,Qwen2.5-1.5B,probe,True,0.16881978350462876,0.15954976250259992,0.17809763543672505
companies,negation_pair,Qwen2.5-1.5B,elicited,True,0.10466040493708859,0.09793966982701278,0.11164393588137284
companies,conjunction,Qwen2.5-1.5B,probe,False,0.44353495205745513,0.4250609705526339,0.4593216772392089
companies,conjunction,Qwen2.5-1.5B,elicited,False,0.2108675950067231,0.19711992434169548,0.225301238614057
companies,conjunction,Qwen2.5-1.5B,probe,True,0.24412665665055766,0.22676679736156985,0.26189359218103325
companies,conjunction,Qwen2.5-1.5B,elicited,True,0.17470755456195688,0.1638533177999197,0.18607323250132937
facts,negation_pair,Qwen2.5-1.5B-Instruct,probe,False,0.2945740346608674,0.2772512575364036,0.3118896085085394
facts,negation_pair,Qwen2.5-1.5B-Instruct,elicited,False,0.13668419088510758,0.12161070161782946,0.1523158286377976
facts,negation_pair,Qwen2.5-1.5B-Instruct,probe,True,0.2643743634726578,0.24995038205328993,0.2787171317857348
facts,negation_pair,Qwen2.5-1.5B-Instruct,elicited,True,0.1153950538851781,0.10560395706994273,0.12547278007460602
facts,conjunction,Qwen2.5-1.5B-Instruct,probe,False,0.43452412961304765,0.41233249760115154,0.4537059165461161
facts,conjunction,Qwen2.5-1.5B-Instruct,elicited,False,0.27940135518942366,0.24767644884975334,0.3099461960028966
facts,conjunction,Qwen2.5-1.5B-Instruct,probe,True,0.3852618200508065,0.3630540369387743,0.405501294753292
facts,conjunction,Qwen2.5-1.5B-Instruct,elicited,True,0.2094303793076006,0.19029436709416203,0.2287053392606457
companies,negation_pair,Qwen2.5-1.5B-Instruct,probe,False,0.24292333582340406,0.2260537077815912,0.2600578582649168
companies,negation_pair,Qwen2.5-1.5B-Instruct,elicited,False,0.15486161777609153,0.1387590789336664,0.1714262109586911
companies,negation_pair,Qwen2.5-1.5B-Instruct,probe,True,0.12741447189639335,0.11971405033974988,0.13533298564252497
companies,negation_pair,Qwen2.5-1.5B-Instruct,elicited,True,0.1243694907210628,0.11502688339802099,0.13386418971166647
companies,conjunction,Qwen2.5-1.5B-Instruct,probe,False,0.4095231116359863,0.38598907180598363,0.4308100873243057
companies,conjunction,Qwen2.5-1.5B-Instruct,elicited,False,0.2933567895376457,0.26257773067652757,0.32372576890390553
companies,conjunction,Qwen2.5-1.5B-Instruct,probe,True,0.20588055756844043,0.1919982644672624,0.2195041455490493
companies,conjunction,Qwen2.5-1.5B-Instruct,elicited,True,0.2102900734229046,0.19548550724956307,0.22541150052344466
facts,negation_pair,Qwen2.5-14B,probe,False,0.2712942526639739,0.2518800519882713,0.2910175397802505
facts,negation_pair,Qwen2.5-14B,elicited,False,0.06754107788951277,0.05710310182974227,0.07841047848882828
facts,negation_pair,Qwen2.5-14B,probe,True,0.2508453482223855,0.23584662336297546,0.26591739783138485
facts,negation_pair,Qwen2.5-14B,elicited,True,0.06794473750943791,0.05892602625687113,0.07727574427018546
facts,conjunction,Qwen2.5-14B,probe,False,0.4184001403490077,0.38862074502593447,0.4444166750013551
facts,conjunction,Qwen2.5-14B,elicited,False,0.14666046077175146,0.11933653091029489,0.17624808436320952
facts,conjunction,Qwen2.5-14B,probe,True,0.37482618432840414,0.34982871240447005,0.3982860762631014
facts,conjunction,Qwen2.5-14B,elicited,True,0.14231703689378525,0.11972745047765283,0.16688994562617204
companies,negation_pair,Qwen2.5-14B,probe,False,0.27575012039817215,0.2561090443531377,0.29556847573278
companies,negation_pair,Qwen2.5-14B,elicited,False,0.05719692237054285,0.04855609581549944,0.06627003874472284
companies,negation_pair,Qwen2.5-14B,probe,True,0.15316026488594375,0.14392909144882485,0.16256567668514996
companies,negation_pair,Qwen2.5-14B,elicited,True,0.059867188953998764,0.05280298830882531,0.06743217333825598
companies,conjunction,Qwen2.5-14B,probe,False,0.43007307504357467,0.40343119200779026,0.4530766767273549
companies,conjunction,Qwen2.5-14B,elicited,False,0.13004559460782608,0.1063163528859369,0.15669958077482515
companies,conjunction,Qwen2.5-14B,probe,True,0.2266326309948312,0.2088194513767896,0.24485770635707496
companies,conjunction,Qwen2.5-14B,elicited,True,0.12615203095368233,0.10793759814445639,0.1461056935663934
facts,negation_pair,Qwen2.5-14B-Instruct,probe,False,0.26468615305886434,0.24549986374457855,0.2841041079798718
facts,negation_pair,Qwen2.5-14B-Instruct,elicited,False,0.09894829849605966,0.08304836951839766,0.11511767075415419
facts,negation_pair,Qwen2.5-14B-Instruct,probe,True,0.24156450020252832,0.2268846387155791,0.25625880143142954
facts,negation_pair,Qwen2.5-14B-Instruct,elicited,True,0.08340861877026493,0.07060922893010221,0.09637808741215494
facts,conjunction,Qwen2.5-14B-Instruct,probe,False,0.420385229930274,0.3901682563869019,0.44627896512308335
facts,conjunction,Qwen2.5-14B-Instruct,elicited,False,0.19207262832203695,0.15110256406089667,0.23421684076209487
facts,conjunction,Qwen2.5-14B-Instruct,probe,True,0.36794969271637323,0.3437690572371331,0.39028162131154176
facts,conjunction,Qwen2.5-14B-Instruct,elicited,True,0.15993583528054783,0.12715597720980262,0.19394644052133553
companies,negation_pair,Qwen2.5-14B-Instruct,probe,False,0.22778411540965512,0.20799514918953013,0.2476042387465415
companies,negation_pair,Qwen2.5-14B-Instruct,elicited,False,0.07636659905110653,0.06134466168815201,0.09151684238980602
companies,negation_pair,Qwen2.5-14B-Instruct,probe,True,0.1527530502744797,0.1434489087098999,0.1622163170777
companies,negation_pair,Qwen2.5-14B-Instruct,elicited,True,0.06613282495627522,0.0541376992195253,0.07822387640645177
companies,conjunction,Qwen2.5-14B-Instruct,probe,False,0.390285279851927,0.35769819834700006,0.4199426028693114
companies,conjunction,Qwen2.5-14B-Instruct,elicited,False,0.1675111482631792,0.1262672806053894,0.2112313779645937
companies,conjunction,Qwen2.5-14B-Instruct,probe,True,0.21771370227149328,0.20047035820098044,0.2348155028029639
companies,conjunction,Qwen2.5-14B-Instruct,elicited,True,0.14497341862081664,0.11272934568824738,0.1790098347834328
facts,negation_pair,Qwen2.5-7B,probe,False,0.2829490424205615,0.2634944519429819,0.30246601969271186
facts,negation_pair,Qwen2.5-7B,elicited,False,0.08836302287802168,0.07772703760414386,0.09915016551024629
facts,negation_pair,Qwen2.5-7B,probe,True,0.24679236411664923,0.2323640103538286,0.26140498531819595
facts,negation_pair,Qwen2.5-7B,elicited,True,0.08838837608390912,0.07778664994963529,0.09913548271769583
facts,conjunction,Qwen2.5-7B,probe,False,0.42079146980382903,0.39207015931325495,0.4451403224259536
facts,conjunction,Qwen2.5-7B,elicited,False,0.17738903602087083,0.1531179315510326,0.20319262892597356
facts,conjunction,Qwen2.5-7B,probe,True,0.35715689938747547,0.3339247448686689,0.3793714999336588
facts,conjunction,Qwen2.5-7B,elicited,True,0.17728759999326876,0.15310082554876478,0.20299790187330705
companies,negation_pair,Qwen2.5-7B,probe,False,0.24948462131854307,0.22913585047050963,0.27074652081532347
companies,negation_pair,Qwen2.5-7B,elicited,False,0.05470958096641507,0.0486571014905261,0.061085731442039826
companies,negation_pair,Qwen2.5-7B,probe,True,0.17185210438572307,0.16025476493145005,0.18375290345995007
companies,negation_pair,Qwen2.5-7B,elicited,True,0.05738054197677253,0.05202960212212089,0.06299243533007165
companies,conjunction,Qwen2.5-7B,probe,False,0.3961217347067508,0.36334631020966524,0.4264885997371921
companies,conjunction,Qwen2.5-7B,elicited,False,0.12332098397491224,0.10769411161854003,0.1390374656805096
companies,conjunction,Qwen2.5-7B,probe,True,0.25523269127848414,0.23272412353657074,0.2780103430478031
companies,conjunction,Qwen2.5-7B,elicited,True,0.11989743723259198,0.10671936565111921,0.13309534237269285
facts,negation_pair,Qwen2.5-7B-Instruct,probe,False,0.29155601811889814,0.2722351387726188,0.3102814414660047
facts,negation_pair,Qwen2.5-7B-Instruct,elicited,False,0.09851331451083918,0.08277614619076284,0.11496240591315011
facts,negation_pair,Qwen2.5-7B-Instruct,probe,True,0.25707242783110806,0.2431962576728999,0.270867570315428
facts,negation_pair,Qwen2.5-7B-Instruct,elicited,True,0.0766753802078128,0.06547824220889768,0.08824496447644578
facts,conjunction,Qwen2.5-7B-Instruct,probe,False,0.4346861626174472,0.4079719448080947,0.45768482860213605
facts,conjunction,Qwen2.5-7B-Instruct,elicited,False,0.20001655828856893,0.15794830192447407,0.24272641457354194
facts,conjunction,Qwen2.5-7B-Instruct,probe,True,0.3656275812994174,0.3428593938783126,0.3870673769145351
facts,conjunction,Qwen2.5-7B-Instruct,elicited,True,0.15223774364865283,0.12266718344373789,0.18231080936660507
companies,negation_pair,Qwen2.5-7B-Instruct,probe,False,0.2360984563137052,0.2158848819780813,0.25636132188271343
companies,negation_pair,Qwen2.5-7B-Instruct,elicited,False,0.08254587636198517,0.06710582760406053,0.09876013482418328
companies,negation_pair,Qwen2.5-7B-Instruct,probe,True,0.1577620500253314,0.14862234486680004,0.1671809669687375
companies,negation_pair,Qwen2.5-7B-Instruct,elicited,True,0.0653729630353552,0.05419479599319487,0.07705125540793972
companies,conjunction,Qwen2.5-7B-Instruct,probe,False,0.39892813060601084,0.3662111259193044,0.4284878732836287
companies,conjunction,Qwen2.5-7B-Instruct,elicited,False,0.18441550675128673,0.14355935165921058,0.22716286541321387
companies,conjunction,Qwen2.5-7B-Instruct,probe,True,0.2377330286700775,0.2201228822067979,0.25577783518209635
companies,conjunction,Qwen2.5-7B-Instruct,elicited,True,0.1436151949936621,0.11475779509760868,0.17403684818691503
facts,negation_pair,gemma-4-12B,probe,False,0.2596677429488605,0.23956930604631282,0.2795490765991046
facts,negation_pair,gemma-4-12B,elicited,False,0.09649881468584678,0.08758558778211874,0.10535762740437016
facts,negation_pair,gemma-4-12B,probe,True,0.2388947376760165,0.22412160390298777,0.25342757183516024
facts,negation_pair,gemma-4-12B,elicited,True,0.09573850179701025,0.08613093482290109,0.10529138386518336
facts,conjunction,gemma-4-12B,probe,False,0.4035816389201212,0.37127973118966656,0.4322728238722104
facts,conjunction,gemma-4-12B,elicited,False,0.19288334775994226,0.174473676062263,0.2123661584131539
facts,conjunction,gemma-4-12B,probe,True,0.352628062827939,0.3286135685512302,0.37595042413167
facts,conjunction,gemma-4-12B,elicited,True,0.1990984857947638,0.17882445704487682,0.22073775987242453
companies,negation_pair,gemma-4-12B,probe,False,0.24624928601033233,0.22591282411997735,0.2666357903206951
companies,negation_pair,gemma-4-12B,elicited,False,0.08897186650391835,0.08289457248118706,0.09534608836723492
companies,negation_pair,gemma-4-12B,probe,True,0.16115462454660173,0.15168296974189996,0.17080637748804983
companies,negation_pair,gemma-4-12B,elicited,True,0.08870028616960939,0.08251269168623251,0.09517056296765856
companies,conjunction,gemma-4-12B,probe,False,0.3950751363666329,0.36363408647038736,0.4239916971739138
companies,conjunction,gemma-4-12B,elicited,False,0.1756043893917516,0.16584073790632256,0.1852407941510572
companies,conjunction,gemma-4-12B,probe,True,0.22845820729399557,0.20913389192565013,0.2488819917175832
companies,conjunction,gemma-4-12B,elicited,True,0.17712372282319502,0.16706888532083605,0.18702874759426857
facts,negation_pair,gemma-4-12B-it,probe,False,0.35378494091574286,0.3396681953702212,0.36783674153998275
facts,negation_pair,gemma-4-12B-it,elicited,False,0.04834732180367618,0.03645520075605853,0.06084801439116161
facts,negation_pair,gemma-4-12B-it,probe,True,0.07643779465090493,0.0715503018478062,0.08137983509300724
facts,negation_pair,gemma-4-12B-it,elicited,True,0.04466219055520789,0.03572909662573609,0.05406701496711243
facts,conjunction,gemma-4-12B-it,probe,False,0.4536133675153391,0.43901973922541715,0.46636874892263
facts,conjunction,gemma-4-12B-it,elicited,False,0.11868999242463296,0.0857113696503744,0.15524763798074076
facts,conjunction,gemma-4-12B-it,probe,True,0.1119154708663206,0.10193861618396938,0.12225986776254066
facts,conjunction,gemma-4-12B-it,elicited,True,0.10283553718898211,0.07846615579820457,0.1297748428720945
companies,negation_pair,gemma-4-12B-it,probe,False,0.22523943420772893,0.21184519247894396,0.2387166754841137
companies,negation_pair,gemma-4-12B-it,elicited,False,0.0632591170065187,0.049245575494858654,0.07755166549576438
companies,negation_pair,gemma-4-12B-it,probe,True,0.025458184203611952,0.02341181186499995,0.027697836304999945
companies,negation_pair,gemma-4-12B-it,elicited,True,0.05530685783801811,0.04491883765982939,0.06603029376650237
companies,conjunction,gemma-4-12B-it,probe,False,0.3456892820232072,0.3244948262101968,0.3659361747814418
companies,conjunction,gemma-4-12B-it,elicited,False,0.16053643606544943,0.12053128386519715,0.20350343905207896
companies,conjunction,gemma-4-12B-it,probe,True,0.04105246370365843,0.03639120032320657,0.04652299302423005
companies,conjunction,gemma-4-12B-it,elicited,True,0.13253513092672164,0.1038770748912897,0.1634300082371839
