dataset,family_shape,model,calibrated,mean_diff_probe_minus_elicited,ci_lo,ci_hi,excludes_zero
facts,negation_pair,Qwen2.5-1.5B,False,0.15946924315798502,0.14060965892609875,0.17880755015528663,True
facts,negation_pair,Qwen2.5-1.5B,True,0.1289078937521208,0.1117921915426897,0.146244052148134,True
facts,conjunction,Qwen2.5-1.5B,False,0.18879522529920895,0.1609339065660698,0.2160024576373714,True
facts,conjunction,Qwen2.5-1.5B,True,0.11946176009503916,0.09026968225719059,0.14827465108044724,True
companies,negation_pair,Qwen2.5-1.5B,False,0.19673753857535442,0.17931531774088647,0.2140104784941894,True
companies,negation_pair,Qwen2.5-1.5B,True,0.06415937856754014,0.053058707088279373,0.07511153228036371,True
companies,conjunction,Qwen2.5-1.5B,False,0.23266735705073202,0.21015270021564403,0.25347799854268965,True
companies,conjunction,Qwen2.5-1.5B,True,0.0694191020886007,0.04864045386738481,0.09074695030716486,True
facts,negation_pair,Qwen2.5-1.5B-Instruct,False,0.15788984377575985,0.13717527325959245,0.17836340716610155,True
facts,negation_pair,Qwen2.5-1.5B-Instruct,True,0.1489793095874797,0.13305723044086057,0.1651254308765034,True
facts,conjunction,Qwen2.5-1.5B-Instruct,False,0.1551227744236239,0.11997147171277436,0.19082199347304224,True
facts,conjunction,Qwen2.5-1.5B-Instruct,True,0.17583144074320586,0.14818039466562352,0.20296647477138297,True
companies,negation_pair,Qwen2.5-1.5B-Instruct,False,0.08806171804731251,0.06799677270000287,0.10836166892673324,True
companies,negation_pair,Qwen2.5-1.5B-Instruct,True,0.0030449811753305704,-0.00740577048721934,0.01368022919059495,False
companies,conjunction,Qwen2.5-1.5B-Instruct,False,0.11616632209834066,0.07905103265156518,0.15348399360960394,True
companies,conjunction,Qwen2.5-1.5B-Instruct,True,-0.004409515854464209,-0.024762115083214867,0.016508775931585527,False
facts,negation_pair,Qwen2.5-14B,False,0.20375317477446117,0.1830712615126742,0.22445133103787496,True
facts,negation_pair,Qwen2.5-14B,True,0.18290061071294764,0.16649942334192946,0.19949428581502318,True
facts,conjunction,Qwen2.5-14B,False,0.2717396795772562,0.2320111047895973,0.3094209481259602,True
facts,conjunction,Qwen2.5-14B,True,0.23250914743461895,0.19923409416458648,0.26448790196854627,True
companies,negation_pair,Qwen2.5-14B,False,0.2185531980276293,0.19861709412794434,0.23884857753452354,True
companies,negation_pair,Qwen2.5-14B,True,0.09329307593194497,0.08150889309505362,0.10486380281505171,True
companies,conjunction,Qwen2.5-14B,False,0.3000274804357487,0.26700984534280753,0.3323222866117279,True
companies,conjunction,Qwen2.5-14B,True,0.10048060004114884,0.0737957311116993,0.1260429518569817,True
facts,negation_pair,Qwen2.5-14B-Instruct,False,0.16573785456280463,0.14345581234879104,0.18834021855598712,True
facts,negation_pair,Qwen2.5-14B-Instruct,True,0.15815588143226342,0.1402667613199767,0.1758822843402979,True
facts,conjunction,Qwen2.5-14B-Instruct,False,0.22831260160823705,0.1797054713938772,0.2744821921711635,True
facts,conjunction,Qwen2.5-14B-Instruct,True,0.2080138574358254,0.16815788666651102,0.24588551994075442,True
companies,negation_pair,Qwen2.5-14B-Instruct,False,0.1514175163585486,0.1271828807894867,0.1752139464579481,True
companies,negation_pair,Qwen2.5-14B-Instruct,True,0.08662022531820447,0.07082692386225022,0.10228159901995719,True
companies,conjunction,Qwen2.5-14B-Instruct,False,0.22277413158874773,0.16916399769211785,0.2733328935374528,True
companies,conjunction,Qwen2.5-14B-Instruct,True,0.07274028365067663,0.03308289852683736,0.11073748979143504,True
facts,negation_pair,Qwen2.5-7B,False,0.19458601954253982,0.17405647731725257,0.2146800898776989,True
facts,negation_pair,Qwen2.5-7B,True,0.15840398803274008,0.14193035547324456,0.17489566232945714,True
facts,conjunction,Qwen2.5-7B,False,0.24340243378295817,0.2105561784324379,0.27434606890524615,True
facts,conjunction,Qwen2.5-7B,True,0.1798692993942067,0.1482551960514848,0.21081917533373853,True
companies,negation_pair,Qwen2.5-7B,False,0.19477504035212803,0.17508180983864666,0.2151847961562995,True
companies,negation_pair,Qwen2.5-7B,True,0.11447156240895055,0.10332304896685672,0.12585857809843207,True
companies,conjunction,Qwen2.5-7B,False,0.27280075073183857,0.2385525900086734,0.3048459350739287,True
companies,conjunction,Qwen2.5-7B,True,0.13533525404589214,0.11212389083341676,0.15823352326883508,True
facts,negation_pair,Qwen2.5-7B-Instruct,False,0.193042703608059,0.1684249085797236,0.2165616714235126,True
facts,negation_pair,Qwen2.5-7B-Instruct,True,0.18039704762329528,0.1634476221633779,0.19721010317837165,True
facts,conjunction,Qwen2.5-7B-Instruct,False,0.23466960432887823,0.18669765802089047,0.2817692136672104,True
facts,conjunction,Qwen2.5-7B-Instruct,True,0.21338983765076455,0.17803776037819685,0.24783764880530654,True
companies,negation_pair,Qwen2.5-7B-Instruct,False,0.15355257995172006,0.12935221522704018,0.17831458084714422,True
companies,negation_pair,Qwen2.5-7B-Instruct,True,0.09238908698997617,0.07793957316019429,0.10655727516147127,True
companies,conjunction,Qwen2.5-7B-Instruct,False,0.2145126238547241,0.16276393616893733,0.2636161499637302,True
companies,conjunction,Qwen2.5-7B-Instruct,True,0.0941178336764154,0.06008195993942334,0.12698138101506298,True
facts,negation_pair,gemma-4-12B,False,0.16316892826301374,0.14325817715645944,0.1830943109132829,True
facts,negation_pair,gemma-4-12B,True,0.14315623587900622,0.12741478220619296,0.1591545665911559,True
facts,conjunction,gemma-4-12B,False,0.2106982911601789,0.1777895049924582,0.240953199237777,True
facts,conjunction,gemma-4-12B,True,0.15352957703317513,0.1261084430824487,0.17958856746785248,True
companies,negation_pair,gemma-4-12B,False,0.15727741950641397,0.1368457661926369,0.177247227657593,True
companies,negation_pair,gemma-4-12B,True,0.07245433837699235,0.061139929276435065,0.08393134497929672,True
companies,conjunction,gemma-4-12B,False,0.21947074697488128,0.18713912273854091,0.2500008979851572,True
companies,conjunction,gemma-4-12B,True,0.051334484470800544,0.029331136386636536,0.07409292569851116,True
facts,negation_pair,gemma-4-12B-it,False,0.3054376191120667,0.286318972064023,0.32423063214480075,True
facts,negation_pair,gemma-4-12B-it,True,0.03177560409569701,0.02065229739909707,0.04224718863220964,True
facts,conjunction,gemma-4-12B-it,False,0.3349233750907061,0.2954369410448191,0.371084838759341,True
facts,conjunction,gemma-4-12B-it,True,0.009079933677338496,-0.020616334876302232,0.036476694442694815,False
companies,negation_pair,gemma-4-12B-it,False,0.16198031720121026,0.14337361201646082,0.18042673596515765,True
companies,negation_pair,gemma-4-12B-it,True,-0.029848673634406155,-0.04064705315740275,-0.019411724703215765,True
companies,conjunction,gemma-4-12B-it,False,0.1851528459577578,0.13646372034228732,0.2313933384910455,True
companies,conjunction,gemma-4-12B-it,True,-0.09148266722306322,-0.1226509877351411,-0.0625180353391612,True
