dataset,model,source,polarity,n_families,mean_L,median_L
facts,Qwen2.5-1.5B,probe,C1 neg / C2 neg,139,0.42585424013940326,0.494318
facts,Qwen2.5-1.5B,probe,C1 neg / C2 pos,149,0.4334131610570076,0.49454245
facts,Qwen2.5-1.5B,probe,C1 pos / C2 neg,130,0.41630230328070894,0.491372903047075
facts,Qwen2.5-1.5B,probe,C1 pos / C2 pos,138,0.4267667474689966,0.49169017499999995
facts,Qwen2.5-1.5B,elicited,C1 neg / C2 neg,139,0.26864992299301965,0.2877455949783324
facts,Qwen2.5-1.5B,elicited,C1 neg / C2 pos,149,0.21070093750681257,0.2103200256824493
facts,Qwen2.5-1.5B,elicited,C1 pos / C2 neg,130,0.24265606341934284,0.25429634749889374
facts,Qwen2.5-1.5B,elicited,C1 pos / C2 pos,138,0.22892657283466902,0.23341017961502075
companies,Qwen2.5-1.5B,probe,C1 neg / C2 neg,141,0.43920368347294414,0.4862888864999999
companies,Qwen2.5-1.5B,probe,C1 neg / C2 pos,131,0.44956498138171436,0.4936314999999999
companies,Qwen2.5-1.5B,probe,C1 pos / C2 neg,163,0.4540309531355557,0.4926231556863
companies,Qwen2.5-1.5B,probe,C1 pos / C2 pos,111,0.42712910233613993,0.49302455927375
companies,Qwen2.5-1.5B,elicited,C1 neg / C2 neg,141,0.22436093226412035,0.2214853279292583
companies,Qwen2.5-1.5B,elicited,C1 neg / C2 pos,131,0.20939382847721993,0.1981747085228562
companies,Qwen2.5-1.5B,elicited,C1 pos / C2 neg,163,0.22354357891465138,0.214073471724987
companies,Qwen2.5-1.5B,elicited,C1 pos / C2 pos,111,0.1772493785906194,0.1763644181191921
facts,Qwen2.5-1.5B-Instruct,probe,C1 neg / C2 neg,139,0.43444156495947023,0.49560345
facts,Qwen2.5-1.5B-Instruct,probe,C1 neg / C2 pos,149,0.4273479111772105,0.495724035
facts,Qwen2.5-1.5B-Instruct,probe,C1 pos / C2 neg,130,0.4428075223406847,0.493692306763325
facts,Qwen2.5-1.5B-Instruct,probe,C1 pos / C2 pos,138,0.43386872984555047,0.49522580502423996
facts,Qwen2.5-1.5B-Instruct,elicited,C1 neg / C2 neg,139,0.28710478532930456,0.3111144226350006
facts,Qwen2.5-1.5B-Instruct,elicited,C1 neg / C2 pos,149,0.27700770143416087,0.3109858072421048
facts,Qwen2.5-1.5B-Instruct,elicited,C1 pos / C2 neg,130,0.27287584634383777,0.33022039069328457
facts,Qwen2.5-1.5B-Instruct,elicited,C1 pos / C2 pos,138,0.27986086829198187,0.3390731820836664
companies,Qwen2.5-1.5B-Instruct,probe,C1 neg / C2 neg,141,0.3973392662522341,0.4738843
companies,Qwen2.5-1.5B-Instruct,probe,C1 neg / C2 pos,131,0.42190190482746176,0.4864412047499999
companies,Qwen2.5-1.5B-Instruct,probe,C1 pos / C2 neg,163,0.423589244317383,0.48460572
companies,Qwen2.5-1.5B-Instruct,probe,C1 pos / C2 pos,111,0.3907397301642786,0.4814681470355
companies,Qwen2.5-1.5B-Instruct,elicited,C1 neg / C2 neg,141,0.27572007597627474,0.3233727749902755
companies,Qwen2.5-1.5B-Instruct,elicited,C1 neg / C2 pos,131,0.2947627649903276,0.3109534359246027
companies,Qwen2.5-1.5B-Instruct,elicited,C1 pos / C2 neg,163,0.33542252689412094,0.3882949948310852
companies,Qwen2.5-1.5B-Instruct,elicited,C1 pos / C2 pos,111,0.252941532850284,0.2965737581253052
facts,Qwen2.5-14B,probe,C1 neg / C2 neg,139,0.42332026227159447,0.4999975635679953
facts,Qwen2.5-14B,probe,C1 neg / C2 pos,149,0.3922179068649175,0.4999928999999999
facts,Qwen2.5-14B,probe,C1 pos / C2 neg,130,0.42276437080128876,0.4999994223380249
facts,Qwen2.5-14B,probe,C1 pos / C2 pos,138,0.4364163903512112,0.4999849010579275
facts,Qwen2.5-14B,elicited,C1 neg / C2 neg,139,0.16611026066419055,0.0894187092781066
facts,Qwen2.5-14B,elicited,C1 neg / C2 pos,149,0.14166145428876603,0.0585270524024963
facts,Qwen2.5-14B,elicited,C1 pos / C2 neg,130,0.1464663269578849,0.0639858730137347
facts,Qwen2.5-14B,elicited,C1 pos / C2 pos,138,0.13088586431849805,0.0393985067494213
companies,Qwen2.5-14B,probe,C1 neg / C2 neg,141,0.4169369940541495,0.499400365
companies,Qwen2.5-14B,probe,C1 neg / C2 pos,131,0.43072646731528574,0.499104057695
companies,Qwen2.5-14B,probe,C1 pos / C2 neg,163,0.43240256475445726,0.4995031798298585
companies,Qwen2.5-14B,probe,C1 pos / C2 pos,111,0.44328889717678016,0.4973233
companies,Qwen2.5-14B,elicited,C1 neg / C2 neg,141,0.15049377935509203,0.1083922269754112
companies,Qwen2.5-14B,elicited,C1 neg / C2 pos,131,0.11368188044543877,0.0464371626731008
companies,Qwen2.5-14B,elicited,C1 pos / C2 neg,163,0.13907196589365625,0.0878671533428133
companies,Qwen2.5-14B,elicited,C1 pos / C2 pos,111,0.11158058501663966,0.0648294954250256
facts,Qwen2.5-14B-Instruct,probe,C1 neg / C2 neg,139,0.43806659070189596,0.499896161890875
facts,Qwen2.5-14B-Instruct,probe,C1 neg / C2 pos,149,0.40823118776815626,0.4999850582296177
facts,Qwen2.5-14B-Instruct,probe,C1 pos / C2 neg,130,0.41459529951711066,0.49975569290997424
facts,Qwen2.5-14B-Instruct,probe,C1 pos / C2 pos,138,0.4203383130747003,0.49997851532195
facts,Qwen2.5-14B-Instruct,elicited,C1 neg / C2 neg,139,0.19115243646535085,0.002030002651736
facts,Qwen2.5-14B-Instruct,elicited,C1 neg / C2 pos,149,0.21344919323070258,0.0012362897396087
facts,Qwen2.5-14B-Instruct,elicited,C1 pos / C2 neg,130,0.1640262559945151,1.0656587051072197e-05
facts,Qwen2.5-14B-Instruct,elicited,C1 pos / C2 pos,138,0.19523527003834346,0.0005655139684558001
companies,Qwen2.5-14B-Instruct,probe,C1 neg / C2 neg,141,0.39956016038715103,0.498655015
companies,Qwen2.5-14B-Instruct,probe,C1 neg / C2 pos,131,0.3828056318152967,0.49929395
companies,Qwen2.5-14B-Instruct,probe,C1 pos / C2 neg,163,0.4176349618218976,0.49892737
companies,Qwen2.5-14B-Instruct,probe,C1 pos / C2 pos,111,0.3487452451942191,0.49660307
companies,Qwen2.5-14B-Instruct,elicited,C1 neg / C2 neg,141,0.18216773826050803,0.0042887330055227
companies,Qwen2.5-14B-Instruct,elicited,C1 neg / C2 pos,131,0.15591779122279112,2.2709369659421843e-05
companies,Qwen2.5-14B-Instruct,elicited,C1 pos / C2 neg,163,0.17099241115041025,0.0004555256164166
companies,Qwen2.5-14B-Instruct,elicited,C1 pos / C2 pos,111,0.15878274665409048,0.0002763867378234
facts,Qwen2.5-7B,probe,C1 neg / C2 neg,139,0.4313711066658789,0.4999909495715585
facts,Qwen2.5-7B,probe,C1 neg / C2 pos,149,0.4202417998790951,0.4998962903855815
facts,Qwen2.5-7B,probe,C1 pos / C2 neg,130,0.41403457019504736,0.49978996550335
facts,Qwen2.5-7B,probe,C1 pos / C2 pos,138,0.41649872063019433,0.499907771435
facts,Qwen2.5-7B,elicited,C1 neg / C2 neg,139,0.20257795557457328,0.1588206142187119
facts,Qwen2.5-7B,elicited,C1 neg / C2 pos,149,0.17155913212910862,0.1289733946323394
facts,Qwen2.5-7B,elicited,C1 pos / C2 neg,130,0.17385348966852643,0.14195654541254044
facts,Qwen2.5-7B,elicited,C1 pos / C2 pos,138,0.16053070024083027,0.12655733420979232
companies,Qwen2.5-7B,probe,C1 neg / C2 neg,141,0.39696375259189254,0.4999964658863392
companies,Qwen2.5-7B,probe,C1 neg / C2 pos,131,0.3710800209270908,0.499985214448329
companies,Qwen2.5-7B,probe,C1 pos / C2 neg,163,0.42747627207403405,0.4999999735974068
companies,Qwen2.5-7B,probe,C1 pos / C2 pos,111,0.37927732941912384,0.4999963934461492
companies,Qwen2.5-7B,elicited,C1 neg / C2 neg,141,0.14725894691014163,0.137172445654869
companies,Qwen2.5-7B,elicited,C1 neg / C2 pos,131,0.10866949510089362,0.0781493932008743
companies,Qwen2.5-7B,elicited,C1 pos / C2 neg,163,0.1281611125531524,0.1182577977888286
companies,Qwen2.5-7B,elicited,C1 pos / C2 pos,111,0.10379242700211389,0.0799566775094718
facts,Qwen2.5-7B-Instruct,probe,C1 neg / C2 neg,139,0.4503876367792291,0.499999285
facts,Qwen2.5-7B-Instruct,probe,C1 neg / C2 pos,149,0.4344314935236642,0.4999960119912491
facts,Qwen2.5-7B-Instruct,probe,C1 pos / C2 neg,130,0.41451145461376604,0.49999723057985
facts,Qwen2.5-7B-Instruct,probe,C1 pos / C2 pos,138,0.4375023965237699,0.49999006869908785
facts,Qwen2.5-7B-Instruct,elicited,C1 neg / C2 neg,139,0.21552997563890597,0.0114889332123464
facts,Qwen2.5-7B-Instruct,elicited,C1 neg / C2 pos,149,0.19133339836197358,0.0089928332511136
facts,Qwen2.5-7B-Instruct,elicited,C1 pos / C2 neg,130,0.19505447817101262,0.00192319299487085
facts,Qwen2.5-7B-Instruct,elicited,C1 pos / C2 pos,138,0.19851951680922314,0.002610043365709
companies,Qwen2.5-7B-Instruct,probe,C1 neg / C2 neg,141,0.40041665629244344,0.49996657
companies,Qwen2.5-7B-Instruct,probe,C1 neg / C2 pos,131,0.385411391000281,0.4999706749084655
companies,Qwen2.5-7B-Instruct,probe,C1 pos / C2 neg,163,0.4111665280755119,0.4999544
companies,Qwen2.5-7B-Instruct,probe,C1 pos / C2 pos,111,0.3953321824604344,0.4999892537272945
companies,Qwen2.5-7B-Instruct,elicited,C1 neg / C2 neg,141,0.1954848276745884,0.0089602420048322
companies,Qwen2.5-7B-Instruct,elicited,C1 neg / C2 pos,131,0.1627464768503191,0.0012362960020348
companies,Qwen2.5-7B-Instruct,elicited,C1 pos / C2 neg,163,0.2019928799180331,0.0237036791295395
companies,Qwen2.5-7B-Instruct,elicited,C1 pos / C2 pos,111,0.17136923607772192,0.0002152867432281
facts,gemma-4-12B,probe,C1 neg / C2 neg,139,0.40319482109085797,0.4999897
facts,gemma-4-12B,probe,C1 neg / C2 pos,149,0.4099805369549774,0.49999385
facts,gemma-4-12B,probe,C1 pos / C2 neg,130,0.3930310618229055,0.4999980444723999
facts,gemma-4-12B,probe,C1 pos / C2 pos,138,0.4059347253919414,0.499982715
facts,gemma-4-12B,elicited,C1 neg / C2 neg,139,0.23885841656261855,0.2511137276887894
facts,gemma-4-12B,elicited,C1 neg / C2 pos,149,0.17672583892716456,0.1640766412019729
facts,gemma-4-12B,elicited,C1 pos / C2 neg,130,0.1889152865236004,0.16692014845709005
facts,gemma-4-12B,elicited,C1 pos / C2 pos,138,0.16707293514234287,0.14821610599756235
companies,gemma-4-12B,probe,C1 neg / C2 neg,141,0.39105519026860136,0.4998366435599753
companies,gemma-4-12B,probe,C1 neg / C2 pos,131,0.37626916688087786,0.4983028894997497
companies,gemma-4-12B,probe,C1 pos / C2 neg,163,0.399961815419813,0.4997380118780571
companies,gemma-4-12B,probe,C1 pos / C2 pos,111,0.4145034771904183,0.49977437
companies,gemma-4-12B,elicited,C1 neg / C2 neg,141,0.20262954195181945,0.2024891525506973
companies,gemma-4-12B,elicited,C1 neg / C2 pos,131,0.17963173011265712,0.1799847465008497
companies,gemma-4-12B,elicited,C1 pos / C2 neg,163,0.1673139115121284,0.1700441688299179
companies,gemma-4-12B,elicited,C1 pos / C2 pos,111,0.1487312736828719,0.1629000287503004
facts,gemma-4-12B-it,probe,C1 neg / C2 neg,139,0.4479412953418618,0.4921462574499999
facts,gemma-4-12B-it,probe,C1 neg / C2 pos,149,0.4585777701111338,0.4934176407
facts,gemma-4-12B-it,probe,C1 pos / C2 neg,130,0.45454178469311346,0.4946830635175
facts,gemma-4-12B-it,probe,C1 pos / C2 pos,138,0.4528415115595171,0.49517052807999995
facts,gemma-4-12B-it,elicited,C1 neg / C2 neg,139,0.14490384244961405,0.0008117356337607
facts,gemma-4-12B-it,elicited,C1 neg / C2 pos,149,0.13199632363693384,0.0004020418868728
facts,gemma-4-12B-it,elicited,C1 pos / C2 neg,130,0.10060961439486503,0.0002363612865257
facts,gemma-4-12B-it,elicited,C1 pos / C2 pos,138,0.09350877537270744,0.00013295734242989998
companies,gemma-4-12B-it,probe,C1 neg / C2 neg,141,0.3445635174177773,0.357029
companies,gemma-4-12B-it,probe,C1 neg / C2 pos,131,0.34844932200391726,0.38099505
companies,gemma-4-12B-it,probe,C1 pos / C2 neg,163,0.34216311870211413,0.36043785
companies,gemma-4-12B-it,probe,C1 pos / C2 pos,111,0.347712805930593,0.36389617
companies,gemma-4-12B-it,elicited,C1 neg / C2 neg,141,0.16962554250685213,0.0021657473991311
companies,gemma-4-12B-it,elicited,C1 neg / C2 pos,131,0.1480962411163746,0.0006224160181873
companies,gemma-4-12B-it,elicited,C1 pos / C2 neg,163,0.18868156102634023,0.0021657640355758
companies,gemma-4-12B-it,elicited,C1 pos / C2 pos,111,0.12315298390341146,0.0006224187450918
