dataset,family_shape,model,source,calibrated,layer,n_families,mean_L,median_L
facts,negation_pair,Qwen2.5-1.5B,probe,False,18.0,547,0.27930674246534204,0.3256750949999999
facts,negation_pair,Qwen2.5-1.5B,probe,True,18.0,547,0.25260452123260535,0.2407500349999999
facts,conjunction,Qwen2.5-1.5B,probe,False,18.0,556,0.4258730412843254,0.49257449415
facts,conjunction,Qwen2.5-1.5B,probe,True,18.0,556,0.3726404183964628,0.4114262
facts,negation_pair,Qwen2.5-1.5B,elicited,False,,547,0.11981616812898395,0.0656326077878475
facts,negation_pair,Qwen2.5-1.5B,elicited,True,,547,0.12367687230774836,0.0567634201860153
facts,conjunction,Qwen2.5-1.5B,elicited,False,,556,0.23718333503640954,0.24455896019935605
facts,conjunction,Qwen2.5-1.5B,elicited,True,,556,0.25323919153129004,0.2645883469107833
companies,negation_pair,Qwen2.5-1.5B,probe,False,18.0,500,0.31700429141878234,0.390852526929
companies,negation_pair,Qwen2.5-1.5B,probe,True,18.0,500,0.16883853330399998,0.15927030499999995
companies,conjunction,Qwen2.5-1.5B,probe,False,18.0,546,0.4436613693243532,0.491777899899625
companies,conjunction,Qwen2.5-1.5B,probe,True,18.0,546,0.24409593122619044,0.243067725
companies,negation_pair,Qwen2.5-1.5B,elicited,False,,500,0.12015182575024663,0.10716799646615975
companies,negation_pair,Qwen2.5-1.5B,elicited,True,,500,0.10463093603533802,0.08928248410319654
companies,conjunction,Qwen2.5-1.5B,elicited,False,,546,0.21094829187986028,0.20596772013232106
companies,conjunction,Qwen2.5-1.5B,elicited,True,,546,0.17473092866608458,0.1792262208910168
facts,negation_pair,Qwen2.5-1.5B-Instruct,probe,False,18.0,547,0.2946245586429071,0.382937755
facts,negation_pair,Qwen2.5-1.5B-Instruct,probe,True,18.0,547,0.264407437355162,0.2745411149999999
facts,conjunction,Qwen2.5-1.5B-Instruct,probe,False,18.0,556,0.43435445848515414,0.495144455
facts,conjunction,Qwen2.5-1.5B-Instruct,probe,True,18.0,556,0.38507884775779483,0.4298621375
facts,negation_pair,Qwen2.5-1.5B-Instruct,elicited,False,,547,0.13674025369376477,0.0166283529251813
facts,negation_pair,Qwen2.5-1.5B-Instruct,elicited,True,,547,0.11544738804178743,0.0596810224480728
facts,conjunction,Qwen2.5-1.5B-Instruct,elicited,False,,556,0.27927405130117927,0.3241015669191256
facts,conjunction,Qwen2.5-1.5B-Instruct,elicited,True,,556,0.20938560560945088,0.20581371764736495
companies,negation_pair,Qwen2.5-1.5B-Instruct,probe,False,18.0,500,0.2430896688302315,0.20486968999999988
companies,negation_pair,Qwen2.5-1.5B-Instruct,probe,True,18.0,500,0.12744711179599996,0.1147577975
companies,conjunction,Qwen2.5-1.5B-Instruct,probe,False,18.0,546,0.40972736803284043,0.48152116751775
companies,conjunction,Qwen2.5-1.5B-Instruct,probe,True,18.0,546,0.20588745291300364,0.2059964274999999
companies,negation_pair,Qwen2.5-1.5B-Instruct,elicited,False,,500,0.15486072641814824,0.02649707780074095
companies,negation_pair,Qwen2.5-1.5B-Instruct,elicited,True,,500,0.12437698904255637,0.0720229171230669
companies,conjunction,Qwen2.5-1.5B-Instruct,elicited,False,,546,0.2934813827042324,0.3375731884880224
companies,conjunction,Qwen2.5-1.5B-Instruct,elicited,True,,546,0.210328650985378,0.2180495559329697
facts,negation_pair,Qwen2.5-14B,probe,False,36.0,547,0.27116378469070285,0.39364655
facts,negation_pair,Qwen2.5-14B,probe,True,36.0,547,0.2507804624627756,0.24970442
facts,conjunction,Qwen2.5-14B,probe,False,36.0,556,0.41810578174686874,0.49999711340712
facts,conjunction,Qwen2.5-14B,probe,True,36.0,556,0.37454993484135374,0.43068263999999995
facts,negation_pair,Qwen2.5-14B,elicited,False,,547,0.06743661469930584,0.0054453760385513
facts,negation_pair,Qwen2.5-14B,elicited,True,,547,0.06785461252444559,0.0156587105457831
facts,conjunction,Qwen2.5-14B,elicited,False,,556,0.14622258039896835,0.06444683403242371
facts,conjunction,Qwen2.5-14B,elicited,True,,556,0.14193428830480526,0.0911451619922678
companies,negation_pair,Qwen2.5-14B,probe,False,48.0,500,0.27579407996349753,0.3731734294665072
companies,negation_pair,Qwen2.5-14B,probe,True,48.0,500,0.15319434003499996,0.13427443249999993
companies,conjunction,Qwen2.5-14B,probe,False,48.0,546,0.4302197234826679,0.499103708394175
companies,conjunction,Qwen2.5-14B,probe,True,48.0,546,0.22672344716117215,0.2248615675
companies,negation_pair,Qwen2.5-14B,elicited,False,,500,0.057237715783645386,0.00882225920213385
companies,negation_pair,Qwen2.5-14B,elicited,True,,500,0.059898443243660573,0.021712696436828098
companies,conjunction,Qwen2.5-14B,elicited,False,,546,0.13034088755482312,0.0779695003293454
companies,conjunction,Qwen2.5-14B,elicited,True,,546,0.12638372651021101,0.09970061928840065
facts,negation_pair,Qwen2.5-14B-Instruct,probe,False,42.0,547,0.2646604527931217,0.34492815
facts,negation_pair,Qwen2.5-14B-Instruct,probe,True,42.0,547,0.24156021508320807,0.2358785843
facts,conjunction,Qwen2.5-14B-Instruct,probe,False,42.0,556,0.420183056162863,0.4999533293766275
facts,conjunction,Qwen2.5-14B-Instruct,probe,True,42.0,556,0.36779197489648174,0.41589999
facts,negation_pair,Qwen2.5-14B-Instruct,elicited,False,,547,0.09880460767897901,0.0
facts,negation_pair,Qwen2.5-14B-Instruct,elicited,True,,547,0.08329592622004528,0.0
facts,conjunction,Qwen2.5-14B-Instruct,elicited,False,,556,0.1917985593608576,0.00022590657075225
facts,conjunction,Qwen2.5-14B-Instruct,elicited,True,,556,0.15964547446036997,0.015052625436385449
companies,negation_pair,Qwen2.5-14B-Instruct,probe,False,30.0,500,0.22804554207839145,0.10594110517189
companies,negation_pair,Qwen2.5-14B-Instruct,probe,True,30.0,500,0.15287836122699996,0.1333169675
companies,conjunction,Qwen2.5-14B-Instruct,probe,False,30.0,546,0.39060575343575055,0.49855645
companies,conjunction,Qwen2.5-14B-Instruct,probe,True,30.0,546,0.21781331920879118,0.21704325
companies,negation_pair,Qwen2.5-14B-Instruct,elicited,False,,500,0.07637779731284845,0.0
companies,negation_pair,Qwen2.5-14B-Instruct,elicited,True,,500,0.06614961721976698,0.0
companies,conjunction,Qwen2.5-14B-Instruct,elicited,False,,546,0.16777935831691976,0.00045552705705625
companies,conjunction,Qwen2.5-14B-Instruct,elicited,True,,546,0.14526963379071536,0.0279945444988172
facts,negation_pair,Qwen2.5-7B,probe,False,24.0,547,0.2828245776643288,0.44677061
facts,negation_pair,Qwen2.5-7B,probe,True,24.0,547,0.24666219489830957,0.252868055
facts,conjunction,Qwen2.5-7B,probe,False,24.0,556,0.42064375823896644,0.499928475
facts,conjunction,Qwen2.5-7B,probe,True,24.0,556,0.3569830418146577,0.3886260615
facts,negation_pair,Qwen2.5-7B,elicited,False,,547,0.08830846159902382,0.0224117841571569
facts,negation_pair,Qwen2.5-7B,elicited,True,,547,0.08833410777358466,0.0227551431576249
facts,conjunction,Qwen2.5-7B,elicited,False,,556,0.1771130158313775,0.1408868150319904
facts,conjunction,Qwen2.5-7B,elicited,True,,556,0.17701296722693985,0.14084844576780337
companies,negation_pair,Qwen2.5-7B,probe,False,21.0,500,0.24950964806627338,0.2128608249999998
companies,negation_pair,Qwen2.5-7B,probe,True,21.0,500,0.17183026340299998,0.13732972999999993
companies,conjunction,Qwen2.5-7B,probe,False,21.0,546,0.3962670105686741,0.499998970445625
companies,conjunction,Qwen2.5-7B,probe,True,21.0,546,0.2553842228015873,0.255741515
companies,negation_pair,Qwen2.5-7B,elicited,False,,500,0.05471957222674969,0.0249065083335154
companies,negation_pair,Qwen2.5-7B,elicited,True,,500,0.057386283528104,0.03202771212817195
companies,conjunction,Qwen2.5-7B,elicited,False,,546,0.12346233720869142,0.10196900740265841
companies,conjunction,Qwen2.5-7B,elicited,True,,546,0.12000189044086527,0.1077855266340679
facts,negation_pair,Qwen2.5-7B-Instruct,probe,False,21.0,547,0.29152270004728653,0.4597161074997913
facts,negation_pair,Qwen2.5-7B-Instruct,probe,True,21.0,547,0.2570685901666755,0.26460145
facts,conjunction,Qwen2.5-7B-Instruct,probe,False,21.0,556,0.43452516882627457,0.4999981481420728
facts,conjunction,Qwen2.5-7B-Instruct,probe,True,21.0,556,0.3655460160362683,0.405432231
facts,negation_pair,Qwen2.5-7B-Instruct,elicited,False,,547,0.09848802020937991,2.3691909811773826e-07
facts,negation_pair,Qwen2.5-7B-Instruct,elicited,True,,547,0.07665200749510392,0.0
facts,conjunction,Qwen2.5-7B-Instruct,elicited,False,,556,0.20003618426555111,0.0043027573238856
facts,conjunction,Qwen2.5-7B-Instruct,elicited,True,,556,0.15219864512395653,0.061555939570629145
companies,negation_pair,Qwen2.5-7B-Instruct,probe,False,21.0,500,0.23619651846525688,0.16237809355664246
companies,negation_pair,Qwen2.5-7B-Instruct,probe,True,21.0,500,0.15779753719649994,0.1438932974999999
companies,conjunction,Qwen2.5-7B-Instruct,probe,False,21.0,546,0.39899204594814647,0.4999741999999999
companies,conjunction,Qwen2.5-7B-Instruct,probe,True,21.0,546,0.23781221845482298,0.23806758749999996
companies,negation_pair,Qwen2.5-7B-Instruct,elicited,False,,500,0.0825809428024977,3.791146895859576e-07
companies,negation_pair,Qwen2.5-7B-Instruct,elicited,True,,500,0.06539083694681923,0.0
companies,conjunction,Qwen2.5-7B-Instruct,elicited,False,,546,0.18467028168640162,0.0026100842203167
companies,conjunction,Qwen2.5-7B-Instruct,elicited,True,,546,0.143807408315603,0.061207076687085
facts,negation_pair,gemma-4-12B,probe,False,30.0,547,0.25963350621737363,0.303934575
facts,negation_pair,gemma-4-12B,probe,True,30.0,547,0.23886984919118565,0.2325168799999999
facts,conjunction,gemma-4-12B,probe,False,30.0,556,0.40331692496220595,0.49999534999999995
facts,conjunction,gemma-4-12B,probe,True,30.0,556,0.3523706075115045,0.40629412
facts,negation_pair,gemma-4-12B,elicited,False,,547,0.096514166623926,0.0554302185773849
facts,negation_pair,gemma-4-12B,elicited,True,,547,0.09575333235862783,0.045917067204262
facts,conjunction,gemma-4-12B,elicited,False,,556,0.1927131694245735,0.18169304728507996
facts,conjunction,gemma-4-12B,elicited,True,,556,0.19890242079586218,0.1896364548424935
companies,negation_pair,gemma-4-12B,probe,False,30.0,500,0.24630000241053085,0.205420746182143
companies,negation_pair,gemma-4-12B,probe,True,30.0,500,0.16115345745799997,0.141518645
companies,conjunction,gemma-4-12B,probe,False,30.0,546,0.3949335248550069,0.49966952
companies,conjunction,gemma-4-12B,probe,True,30.0,546,0.22835364381257628,0.2130323125
companies,negation_pair,gemma-4-12B,elicited,False,,500,0.08897195855155585,0.06691644340753555
companies,negation_pair,gemma-4-12B,elicited,True,,500,0.08870187020576088,0.0654588199916587
companies,conjunction,gemma-4-12B,elicited,False,,546,0.17561146706087974,0.18001651484519246
companies,conjunction,gemma-4-12B,elicited,True,,546,0.1771347375259135,0.18083647344866677
facts,negation_pair,gemma-4-12B-it,probe,False,6.0,547,0.3537533172972005,0.443266485
facts,negation_pair,gemma-4-12B-it,probe,True,6.0,547,0.07644114275137108,0.06553413
facts,conjunction,gemma-4-12B-it,probe,False,6.0,556,0.45355123813740256,0.4934176407
facts,conjunction,gemma-4-12B-it,probe,True,6.0,556,0.111950139118705,0.10216145
facts,negation_pair,gemma-4-12B-it,elicited,False,,547,0.048197219732174126,9.057734474127166e-07
facts,negation_pair,gemma-4-12B-it,elicited,True,,547,0.04455486768138302,0.0
facts,conjunction,gemma-4-12B-it,elicited,False,,556,0.11833191941576542,0.0002596360097325
facts,conjunction,gemma-4-12B-it,elicited,True,,556,0.10258305061760778,0.0149398839881982
companies,negation_pair,gemma-4-12B-it,probe,False,36.0,500,0.22509162440969738,0.207698065
companies,negation_pair,gemma-4-12B-it,probe,True,36.0,500,0.025441085599999948,0.02011756499999995
companies,conjunction,gemma-4-12B-it,probe,False,36.0,546,0.3454194632695241,0.3608603012499999
companies,conjunction,gemma-4-12B-it,probe,True,36.0,546,0.04101437626373621,0.03450342499999995
companies,negation_pair,gemma-4-12B-it,elicited,False,,500,0.06320176568320134,6.909572860480662e-06
companies,negation_pair,gemma-4-12B-it,elicited,True,,500,0.05525937279152353,0.0
companies,conjunction,gemma-4-12B-it,elicited,False,,546,0.16070125410308309,0.0010582029395544501
companies,conjunction,gemma-4-12B-it,elicited,True,,546,0.13261161711618932,0.0389086077218345
