model,arm,probe,seed,layer,depth,booked_domain,training_statements,temperature,validation_accuracy,booked_accuracy,booked_brier_raw,booked_brier_calibrated
Qwen2.5-7B-Instruct,domain_swap,linear,0,4,0.1429,companies,16284,148.40144529444294,0.5082644628099173,0.47671410090556277,0.49349421059080356,0.2540069233787345
Qwen2.5-7B-Instruct,domain_swap,mlp,0,4,0.1429,companies,16284,21.101343481035123,0.5289256198347108,0.592496765847348,0.26301786768140095,0.247569494609174
Qwen2.5-7B-Instruct,domain_swap,mlp,1,4,0.1429,companies,16284,13.184800144408815,0.5247933884297521,0.5666235446313066,0.2619514176569074,0.24744894704630938
Qwen2.5-7B-Instruct,domain_swap,mlp,2,4,0.1429,companies,16284,8.119049066201468,0.5702479338842975,0.5310478654592496,0.26555989430502086,0.24812008516123632
Qwen2.5-7B-Instruct,domain_swap,mlp,3,4,0.1429,companies,16284,20.215814515561238,0.512396694214876,0.5821474773609314,0.26730815608189845,0.24732693247821658
Qwen2.5-7B-Instruct,domain_swap,mlp,4,4,0.1429,companies,16284,15.736292481645538,0.5454545454545454,0.5711513583441138,0.2776399750920845,0.2479017099658243
Qwen2.5-7B-Instruct,domain_swap,linear,0,7,0.25,companies,16284,110.79459936484612,0.5371900826446281,0.4702457956015524,0.5058370455332977,0.2546590608067085
Qwen2.5-7B-Instruct,domain_swap,mlp,0,7,0.25,companies,16284,5.289918792138405,0.5702479338842975,0.6461836998706338,0.23145947504980594,0.23478395803354626
Qwen2.5-7B-Instruct,domain_swap,mlp,1,7,0.25,companies,16284,3.3310567087864746,0.5867768595041323,0.6319534282018111,0.23680336151531295,0.2314577491758788
Qwen2.5-7B-Instruct,domain_swap,mlp,2,7,0.25,companies,16284,3.1115488236269493,0.5991735537190083,0.6216041397153945,0.23297131696310416,0.23187935223771122
Qwen2.5-7B-Instruct,domain_swap,mlp,3,7,0.25,companies,16284,4.786477045239699,0.5702479338842975,0.6248382923673997,0.24801448038786666,0.2351034101366728
Qwen2.5-7B-Instruct,domain_swap,mlp,4,7,0.25,companies,16284,6.460396093584432,0.5661157024793388,0.6164294954721863,0.24580738174571537,0.2345913898931124
Qwen2.5-7B-Instruct,domain_swap,linear,0,10,0.3571,companies,16284,82.03642544621182,0.5330578512396694,0.5232858990944372,0.45930568300287905,0.25038932094579297
Qwen2.5-7B-Instruct,domain_swap,mlp,0,10,0.3571,companies,16284,4.276270829511492,0.6446280991735537,0.7302716688227684,0.19484355840114573,0.1875261971159798
Qwen2.5-7B-Instruct,domain_swap,mlp,1,10,0.3571,companies,16284,4.597200724610794,0.6198347107438017,0.7296248382923674,0.19212418165302114,0.18507759158959522
Qwen2.5-7B-Instruct,domain_swap,mlp,2,10,0.3571,companies,16284,4.0538197394633215,0.6446280991735537,0.7580853816300129,0.17440602062552074,0.18156820118520325
Qwen2.5-7B-Instruct,domain_swap,mlp,3,10,0.3571,companies,16284,5.851918798083832,0.6198347107438017,0.7354463130659767,0.20464586202871965,0.19049429529774808
Qwen2.5-7B-Instruct,domain_swap,mlp,4,10,0.3571,companies,16284,4.255546789778258,0.6198347107438017,0.7490297542043984,0.18414812965661778,0.18806436245150976
Qwen2.5-7B-Instruct,domain_swap,linear,0,14,0.5,companies,16284,55.34578047518356,0.6033057851239669,0.6532988357050453,0.32377878490137296,0.22410118367676232
Qwen2.5-7B-Instruct,domain_swap,mlp,0,14,0.5,companies,16284,3.408592042627733,0.6818181818181818,0.8098318240620958,0.14060511831247796,0.13249945615990372
Qwen2.5-7B-Instruct,domain_swap,mlp,1,14,0.5,companies,16284,3.7038898516212395,0.6818181818181818,0.7904269081500647,0.15290321096981072,0.1470358968849783
Qwen2.5-7B-Instruct,domain_swap,mlp,2,14,0.5,companies,16284,3.0672602263648905,0.6942148760330579,0.8227684346701164,0.13084777860742716,0.13954799898831052
Qwen2.5-7B-Instruct,domain_swap,mlp,3,14,0.5,companies,16284,3.459807418926121,0.7231404958677686,0.8098318240620958,0.13652644087843996,0.13240871319042352
Qwen2.5-7B-Instruct,domain_swap,mlp,4,14,0.5,companies,16284,2.809122580791208,0.7355371900826446,0.8059508408796895,0.13675296350904512,0.1389188094159867
Qwen2.5-7B-Instruct,domain_swap,linear,0,18,0.6429,companies,16284,19.407007825053416,0.7066115702479339,0.7438551099611902,0.24096368427114567,0.1725499129786303
Qwen2.5-7B-Instruct,domain_swap,mlp,0,18,0.6429,companies,16284,2.621186476275532,0.8264462809917356,0.8111254851228978,0.14575058375175207,0.13059971823577596
Qwen2.5-7B-Instruct,domain_swap,mlp,1,18,0.6429,companies,16284,3.351724036283374,0.8099173553719008,0.8240620957309185,0.13876350575800142,0.12704097839723943
Qwen2.5-7B-Instruct,domain_swap,mlp,2,18,0.6429,companies,16284,2.4253484299687007,0.8099173553719008,0.8111254851228978,0.14056142345423694,0.12920454856303826
Qwen2.5-7B-Instruct,domain_swap,mlp,3,18,0.6429,companies,16284,2.6864096922486667,0.8140495867768595,0.8078913324708926,0.14607605823427233,0.13206143631334544
Qwen2.5-7B-Instruct,domain_swap,mlp,4,18,0.6429,companies,16284,3.0389563466721183,0.8223140495867769,0.8188874514877102,0.14650699315646418,0.12927627783509127
Qwen2.5-7B-Instruct,domain_swap,linear,0,21,0.75,companies,16284,15.9501969926123,0.71900826446281,0.7121604139715395,0.2738424273540894,0.19311849324471964
Qwen2.5-7B-Instruct,domain_swap,mlp,0,21,0.75,companies,16284,3.3565222907778525,0.8264462809917356,0.8324708926261319,0.12387023845364066,0.12791815466107878
Qwen2.5-7B-Instruct,domain_swap,mlp,1,21,0.75,companies,16284,2.6711220571845344,0.8264462809917356,0.8285899094437258,0.129099586895505,0.1319562524126632
Qwen2.5-7B-Instruct,domain_swap,mlp,2,21,0.75,companies,16284,2.602871580378224,0.8140495867768595,0.7930142302716688,0.14375249221891961,0.13575349166294048
Qwen2.5-7B-Instruct,domain_swap,mlp,3,21,0.75,companies,16284,3.0050533593239326,0.8140495867768595,0.8324708926261319,0.12958078385458793,0.12703343032371187
Qwen2.5-7B-Instruct,domain_swap,mlp,4,21,0.75,companies,16284,2.573501574373525,0.8099173553719008,0.814359637774903,0.14132845423755536,0.13245018394899222
Qwen2.5-7B-Instruct,domain_swap,linear,0,24,0.8571,companies,16284,20.692633717057337,0.6983471074380165,0.6649417852522639,0.3143643245106753,0.22362136451221826
Qwen2.5-7B-Instruct,domain_swap,mlp,0,24,0.8571,companies,16284,2.8420132761929158,0.8016528925619835,0.796248382923674,0.1520256338984392,0.14745252419148644
Qwen2.5-7B-Instruct,domain_swap,mlp,1,24,0.8571,companies,16284,2.873382428045108,0.8016528925619835,0.8065976714100905,0.14420999264277176,0.14498476114100894
Qwen2.5-7B-Instruct,domain_swap,mlp,2,24,0.8571,companies,16284,3.06236705916753,0.7933884297520661,0.7432082794307892,0.2026196853903148,0.1700663287198625
Qwen2.5-7B-Instruct,domain_swap,mlp,3,24,0.8571,companies,16284,4.770136948675035,0.7727272727272727,0.8046571798188874,0.1603815124952841,0.15092464021407195
Qwen2.5-7B-Instruct,domain_swap,mlp,4,24,0.8571,companies,16284,2.947951287243358,0.8016528925619835,0.7891332470892626,0.1501609963489803,0.15238945017191674
Qwen2.5-7B-Instruct,domain_swap,linear,0,28,1.0,companies,16284,19.85832341699315,0.7107438016528925,0.6131953428201811,0.3647280485258218,0.23343758560206046
Qwen2.5-7B-Instruct,domain_swap,mlp,0,28,1.0,companies,16284,3.4894224145092294,0.768595041322314,0.7496765847347995,0.184163651113406,0.17570602929111725
Qwen2.5-7B-Instruct,domain_swap,mlp,1,28,1.0,companies,16284,2.8387905968772684,0.8057851239669421,0.7335058214747736,0.1891781164403128,0.18046366067263048
Qwen2.5-7B-Instruct,domain_swap,mlp,2,28,1.0,companies,16284,3.2826920160352264,0.7768595041322314,0.703104786545925,0.21315937790232337,0.18639040635815946
Qwen2.5-7B-Instruct,domain_swap,mlp,3,28,1.0,companies,16284,2.9577164772145412,0.8057851239669421,0.7335058214747736,0.19911201439039045,0.18411538908908417
Qwen2.5-7B-Instruct,domain_swap,mlp,4,28,1.0,companies,16284,3.5070565559764315,0.78099173553719,0.7005174644243208,0.2079783124468269,0.18900802866621727
Qwen2.5-7B-Instruct,atomic_only,linear,0,4,0.1429,companies,14517,148.4114912085131,0.5247933884297521,0.4702457956015524,0.5048587935013754,0.2555801281576563
Qwen2.5-7B-Instruct,atomic_only,linear,0,7,0.25,companies,14517,148.4123774585648,0.5165289256198347,0.4831824062095731,0.4961591479514522,0.25411386270088115
Qwen2.5-7B-Instruct,atomic_only,linear,0,10,0.3571,companies,14517,148.41252604579014,0.4834710743801653,0.4670116429495472,0.5230300452216136,0.2534194625808988
Qwen2.5-7B-Instruct,atomic_only,linear,0,14,0.5,companies,14517,148.41214825977036,0.5,0.5808538163001293,0.40714833737756556,0.24413991805114582
Qwen2.5-7B-Instruct,atomic_only,linear,0,18,0.6429,companies,14517,63.187519840025516,0.5991735537190083,0.703751617076326,0.283098385019196,0.2193155577858093
Qwen2.5-7B-Instruct,atomic_only,linear,0,21,0.75,companies,14517,84.86147836572148,0.5619834710743802,0.6119016817593791,0.3657494773386218,0.23465025143266516
Qwen2.5-7B-Instruct,atomic_only,linear,0,24,0.8571,companies,14517,68.66243061161506,0.6157024793388429,0.5944372574385511,0.3849328462929673,0.2408896417471832
Qwen2.5-7B-Instruct,atomic_only,linear,0,28,1.0,companies,14517,49.16249562119643,0.5991735537190083,0.5996119016817594,0.3780616618670249,0.23733681856223546
Qwen2.5-7B-Instruct,domain_swap,linear,0,4,0.1429,facts,16831,16.01505556271286,0.5787037037037037,0.5187878787878788,0.462497922056195,0.3076783875042052
Qwen2.5-7B-Instruct,domain_swap,mlp,0,4,0.1429,facts,16831,1.702168437574003,0.5277777777777778,0.5836363636363636,0.2548581202903548,0.25075619836899105
Qwen2.5-7B-Instruct,domain_swap,mlp,1,4,0.1429,facts,16831,2.0277006878966706,0.6342592592592593,0.5757575757575758,0.2598297263753207,0.25119460260210263
Qwen2.5-7B-Instruct,domain_swap,mlp,2,4,0.1429,facts,16831,1.2111254252483195,0.5555555555555556,0.5606060606060606,0.2575721218166629,0.25584363886622147
Qwen2.5-7B-Instruct,domain_swap,mlp,3,4,0.1429,facts,16831,1.034041424658805,0.6157407407407407,0.576969696969697,0.2570913218590045,0.25671883181360433
Qwen2.5-7B-Instruct,domain_swap,mlp,4,4,0.1429,facts,16831,0.6595826991993824,0.6574074074074074,0.5654545454545454,0.2595859921318617,0.26532318114325515
Qwen2.5-7B-Instruct,domain_swap,linear,0,7,0.25,facts,16831,8.33029622266235,0.6388888888888888,0.5054545454545455,0.4742100896052753,0.36039604626817034
Qwen2.5-7B-Instruct,domain_swap,mlp,0,7,0.25,facts,16831,1.2757358151710583,0.7870370370370371,0.5763636363636364,0.2662713670065874,0.2571377931264673
Qwen2.5-7B-Instruct,domain_swap,mlp,1,7,0.25,facts,16831,1.4004915535282612,0.7546296296296297,0.5818181818181818,0.24392758430763872,0.24009183742174253
Qwen2.5-7B-Instruct,domain_swap,mlp,2,7,0.25,facts,16831,1.31373408661444,0.7685185185185185,0.5066666666666667,0.2792576393824762,0.26644204168868385
Qwen2.5-7B-Instruct,domain_swap,mlp,3,7,0.25,facts,16831,0.9881526246477511,0.8009259259259259,0.6048484848484849,0.2562496743823917,0.25662539234352827
Qwen2.5-7B-Instruct,domain_swap,mlp,4,7,0.25,facts,16831,1.6601332469130807,0.7731481481481481,0.5551515151515152,0.2513356802694108,0.2399382741526295
Qwen2.5-7B-Instruct,domain_swap,linear,0,10,0.3571,facts,16831,11.021650249730328,0.6759259259259259,0.5121212121212121,0.47155501179334103,0.3599352028213809
Qwen2.5-7B-Instruct,domain_swap,mlp,0,10,0.3571,facts,16831,1.9600466978649889,0.8796296296296297,0.6321212121212121,0.26854290357115196,0.2359301516978707
Qwen2.5-7B-Instruct,domain_swap,mlp,1,10,0.3571,facts,16831,1.6042588640836986,0.8888888888888888,0.6260606060606061,0.26858281487736996,0.24554091883683413
Qwen2.5-7B-Instruct,domain_swap,mlp,2,10,0.3571,facts,16831,1.3614227391257248,0.8796296296296297,0.610909090909091,0.27771324619381466,0.2640390448339798
Qwen2.5-7B-Instruct,domain_swap,mlp,3,10,0.3571,facts,16831,0.9878712809038254,0.8842592592592593,0.64,0.2389169647840619,0.23939093953434945
Qwen2.5-7B-Instruct,domain_swap,mlp,4,10,0.3571,facts,16831,1.3249588578529212,0.8981481481481481,0.6333333333333333,0.24999574371255304,0.23924051643391694
Qwen2.5-7B-Instruct,domain_swap,linear,0,14,0.5,facts,16831,7.559935387111001,0.8333333333333334,0.5430303030303031,0.44198839396573986,0.3552081967090985
Qwen2.5-7B-Instruct,domain_swap,mlp,0,14,0.5,facts,16831,2.0231384886939052,0.8842592592592593,0.6648484848484848,0.24425358590783772,0.21286414445084068
Qwen2.5-7B-Instruct,domain_swap,mlp,1,14,0.5,facts,16831,1.8293058381109508,0.8842592592592593,0.6630303030303031,0.25883308041570724,0.23028488657991802
Qwen2.5-7B-Instruct,domain_swap,mlp,2,14,0.5,facts,16831,1.6699594168148106,0.8888888888888888,0.6424242424242425,0.27314693291448416,0.24347585659496832
Qwen2.5-7B-Instruct,domain_swap,mlp,3,14,0.5,facts,16831,1.520397922849186,0.8981481481481481,0.6775757575757576,0.23124353578392814,0.21615360634683095
Qwen2.5-7B-Instruct,domain_swap,mlp,4,14,0.5,facts,16831,1.6754542083230746,0.9074074074074074,0.6678787878787878,0.25824555418371786,0.23047669220810704
Qwen2.5-7B-Instruct,domain_swap,linear,0,18,0.6429,facts,16831,8.592350293478663,0.8240740740740741,0.6218181818181818,0.3631158299533864,0.28535612535432
Qwen2.5-7B-Instruct,domain_swap,mlp,0,18,0.6429,facts,16831,1.7654661412903607,0.8842592592592593,0.7424242424242424,0.2078415853044719,0.18597287307879362
Qwen2.5-7B-Instruct,domain_swap,mlp,1,18,0.6429,facts,16831,1.6492644809548858,0.9212962962962963,0.7436363636363637,0.20994760919934083,0.19028183060082982
Qwen2.5-7B-Instruct,domain_swap,mlp,2,18,0.6429,facts,16831,1.5214346735308548,0.9120370370370371,0.7496969696969698,0.19978087232313888,0.18454046517716086
Qwen2.5-7B-Instruct,domain_swap,mlp,3,18,0.6429,facts,16831,1.5279892185836257,0.8981481481481481,0.7509090909090909,0.19833918928376906,0.1825074962997193
Qwen2.5-7B-Instruct,domain_swap,mlp,4,18,0.6429,facts,16831,2.046415775156004,0.9120370370370371,0.7533333333333333,0.220093763229752,0.19659281695863384
Qwen2.5-7B-Instruct,domain_swap,linear,0,21,0.75,facts,16831,7.027889019755203,0.8611111111111112,0.6442424242424243,0.33944645402510165,0.27335422400459725
Qwen2.5-7B-Instruct,domain_swap,mlp,0,21,0.75,facts,16831,1.7075821170695802,0.8981481481481481,0.7763636363636364,0.18992233936865996,0.1724225702287205
Qwen2.5-7B-Instruct,domain_swap,mlp,1,21,0.75,facts,16831,1.3522767188728269,0.9259259259259259,0.7648484848484849,0.18881401490974076,0.1783356126724104
Qwen2.5-7B-Instruct,domain_swap,mlp,2,21,0.75,facts,16831,1.1166680820067039,0.9305555555555556,0.7387878787878788,0.18850993516786765,0.18499733410334177
Qwen2.5-7B-Instruct,domain_swap,mlp,3,21,0.75,facts,16831,1.5033913978732327,0.9120370370370371,0.7733333333333333,0.18832018636973702,0.17432710531528958
Qwen2.5-7B-Instruct,domain_swap,mlp,4,21,0.75,facts,16831,1.5882132167768583,0.9166666666666666,0.7715151515151515,0.19774506342138237,0.18193936291728774
Qwen2.5-7B-Instruct,domain_swap,linear,0,24,0.8571,facts,16831,5.6187525532915386,0.8611111111111112,0.6303030303030303,0.35364266535159006,0.2934672343555493
Qwen2.5-7B-Instruct,domain_swap,mlp,0,24,0.8571,facts,16831,1.3349159904873094,0.9120370370370371,0.76,0.19246210470678538,0.1827900021344656
Qwen2.5-7B-Instruct,domain_swap,mlp,1,24,0.8571,facts,16831,1.7805092718518312,0.9166666666666666,0.7624242424242424,0.20049109059010423,0.18053204079065446
Qwen2.5-7B-Instruct,domain_swap,mlp,2,24,0.8571,facts,16831,1.2019492773655587,0.9444444444444444,0.7448484848484849,0.20223456595532646,0.195478042748487
Qwen2.5-7B-Instruct,domain_swap,mlp,3,24,0.8571,facts,16831,1.177789942948842,0.9490740740740741,0.756969696969697,0.20100856133652603,0.1951223992643051
Qwen2.5-7B-Instruct,domain_swap,mlp,4,24,0.8571,facts,16831,1.636657209720883,0.9074074074074074,0.7484848484848485,0.21286218841978835,0.1926966827402605
Qwen2.5-7B-Instruct,domain_swap,linear,0,28,1.0,facts,16831,5.759827443760344,0.8333333333333334,0.6545454545454545,0.3267953608244501,0.2667043005027079
Qwen2.5-7B-Instruct,domain_swap,mlp,0,28,1.0,facts,16831,1.5342975408449628,0.9027777777777778,0.7460606060606061,0.20962030167727244,0.19438679632228562
Qwen2.5-7B-Instruct,domain_swap,mlp,1,28,1.0,facts,16831,1.192287925077756,0.9259259259259259,0.7527272727272727,0.20253828370399168,0.19660787581841885
Qwen2.5-7B-Instruct,domain_swap,mlp,2,28,1.0,facts,16831,1.5642010157968385,0.9027777777777778,0.74,0.2130100359589663,0.19543253028221788
Qwen2.5-7B-Instruct,domain_swap,mlp,3,28,1.0,facts,16831,1.1178612958258949,0.9305555555555556,0.7393939393939394,0.19151005649329397,0.1878742513260237
Qwen2.5-7B-Instruct,domain_swap,mlp,4,28,1.0,facts,16831,1.4316205910481123,0.9120370370370371,0.7272727272727273,0.2047745627043297,0.19195097269714959
Qwen2.5-7B-Instruct,atomic_only,linear,0,4,0.1429,facts,14517,148.4125289540934,0.49537037037037035,0.5024242424242424,0.4753320364410298,0.25171432286798184
Qwen2.5-7B-Instruct,atomic_only,linear,0,7,0.25,facts,14517,148.41218440388198,0.5138888888888888,0.5315151515151515,0.4536810960557163,0.2497484004188999
Qwen2.5-7B-Instruct,atomic_only,linear,0,10,0.3571,facts,14517,148.41165508063875,0.44907407407407407,0.49333333333333335,0.4944630449851969,0.2531090687218288
Qwen2.5-7B-Instruct,atomic_only,linear,0,14,0.5,facts,14517,101.67260014620867,0.5555555555555556,0.4866666666666667,0.4982651517684736,0.25637478109912654
Qwen2.5-7B-Instruct,atomic_only,linear,0,18,0.6429,facts,14517,15.802494161342244,0.75,0.6066666666666667,0.37761884151398467,0.2596251995502478
Qwen2.5-7B-Instruct,atomic_only,linear,0,21,0.75,facts,14517,30.06470719329145,0.6111111111111112,0.6042424242424242,0.3839684333058308,0.23912114904076553
Qwen2.5-7B-Instruct,atomic_only,linear,0,24,0.8571,facts,14517,36.247316968090665,0.6296296296296297,0.6054545454545455,0.37912082644444234,0.23662970539895714
Qwen2.5-7B-Instruct,atomic_only,linear,0,28,1.0,facts,14517,26.42063453137342,0.5925925925925926,0.6096969696969697,0.36723416189448527,0.23316944758932695
